EmpID,Salary,Termd,Position,State,Zip,CitizenDesc,DateofHire,DateofTermination,TermReason,EmploymentStatus,Department,RecruitmentSource,PerformanceScore,EngagementSurvey,EmpSatisfaction,SpecialProjectsCount,LastPerformanceReview_Date,DaysLateLast30,Absences,AgeBracket
11cc3a859521,62506,0,Production Technician I,MA,19***,US Citizen,7/5/2011,,N/A-StillEmployed,Active,Production       ,LinkedIn,Exceeds,4.6,5,0,1/17/2019,0,1,35-44
c6acfda58251,104437,1,Sr. DBA,MA,21***,US Citizen,3/30/2015,6/16/2016,career change,Voluntarily Terminated,IT/IS,Indeed,Fully Meets,4.96,3,6,2/24/2016,0,17,Unknown
fd468dc56212,64955,1,Production Technician II,MA,18***,US Citizen,7/5/2011,9/24/2012,hours,Voluntarily Terminated,Production       ,LinkedIn,Fully Meets,3.02,3,0,5/15/2012,0,3,35-44
7be41cb37baa,64991,0,Production Technician I,MA,18***,US Citizen,1/7/2008,,N/A-StillEmployed,Active,Production       ,Indeed,Fully Meets,4.84,5,0,1/3/2019,0,15,35-44
05f336ad681e,50825,1,Production Technician I,MA,21***,US Citizen,7/11/2011,9/6/2016,return to school,Voluntarily Terminated,Production       ,Google Search,Fully Meets,5.0,4,0,2/1/2016,0,2,35-44
56acd2f85500,57568,0,Production Technician I,MA,18***,US Citizen,1/9/2012,,N/A-StillEmployed,Active,Production       ,LinkedIn,Exceeds,5.0,5,0,1/7/2019,0,15,45-54
44d830d5e0f7,95660,0,Software Engineer,MA,21***,US Citizen,11/10/2014,,N/A-StillEmployed,Active,Software Engineering,LinkedIn,Fully Meets,3.04,3,4,1/2/2019,0,19,45-54
a19668e8a412,59365,0,Production Technician I,MA,21***,US Citizen,9/30/2013,,N/A-StillEmployed,Active,Production       ,Employee Referral,Fully Meets,5.0,4,0,2/25/2019,0,19,35-44
d211334f1aed,47837,0,Production Technician I,MA,19***,US Citizen,7/6/2009,,N/A-StillEmployed,Active,Production       ,Diversity Job Fair,Fully Meets,4.46,3,0,1/25/2019,0,4,Unknown
cca60c814872,50178,0,IT Support,MA,18***,US Citizen,1/5/2015,,N/A-StillEmployed,Active,IT/IS,Indeed,Fully Meets,5.0,5,6,2/18/2019,0,16,35-44
b6ddaf9562ee,54670,1,Production Technician I,MA,19***,US Citizen,1/10/2011,1/12/2017,Another position,Voluntarily Terminated,Production       ,Diversity Job Fair,Fully Meets,4.2,4,0,1/30/2016,0,12,Unknown
dd19891832ea,47211,1,Production Technician I,MA,20***,US Citizen,4/2/2012,9/19/2016,unhappy,Voluntarily Terminated,Production       ,Diversity Job Fair,Fully Meets,4.2,3,0,5/6/2016,0,15,Unknown
3b5d379e5998,92328,0,Data Analyst,TX,78***,US Citizen,11/10/2014,,N/A-StillEmployed,Active,IT/IS,Diversity Job Fair,Exceeds,4.28,4,5,2/25/2019,0,9,35-44
72353f3e1b10,58709,0,Production Technician I,MA,18***,US Citizen,2/20/2012,,N/A-StillEmployed,Active,Production       ,Google Search,Fully Meets,4.6,4,0,2/14/2019,0,7,35-44
f66b7bf2e7f7,52505,1,Production Technician I,MA,27***,US Citizen,9/24/2012,4/6/2017,Another position,Voluntarily Terminated,Production       ,On-line Web application,Fully Meets,5.0,5,0,3/2/2017,0,1,45-54
d2a68373c3a2,57834,1,Production Technician I,MA,20***,US Citizen,2/21/2011,8/4/2017,attendance,Terminated for Cause,Production       ,Google Search,Fully Meets,5.0,4,0,4/5/2017,0,20,45-54
717795fa2f74,70131,0,Production Technician II,MA,21***,US Citizen,7/21/2016,,N/A-StillEmployed,Active,Production       ,Employee Referral,Exceeds,4.4,3,0,1/14/2019,0,16,Unknown
ffc014d04916,59026,0,Production Technician I,MA,19***,Eligible NonCitizen,4/4/2011,,N/A-StillEmployed,Active,Production       ,Google Search,Fully Meets,5.0,5,0,1/14/2019,0,12,Unknown
ac69dee7b40e,110000,1,Database Administrator,MA,20***,US Citizen,7/7/2014,9/12/2015,performance,Terminated for Cause,IT/IS,Google Search,Fully Meets,4.5,4,5,1/15/2015,0,8,35-44
d6dd88c390d2,53250,0,Production Technician I,MA,24***,US Citizen,7/8/2013,,N/A-StillEmployed,Active,Production       ,LinkedIn,Fully Meets,4.2,4,0,1/11/2019,0,13,45-54
824a6d3e2238,51044,0,Production Technician I,MA,20***,US Citizen,4/2/2012,,N/A-StillEmployed,Active,Production       ,Google Search,Fully Meets,5.0,3,0,1/14/2019,0,13,Unknown
13e7034391fa,64919,0,Production Technician I,MA,20***,US Citizen,8/19/2013,,N/A-StillEmployed,Active,Production       ,Indeed,Fully Meets,4.2,3,0,1/10/2019,0,2,Unknown
e162e30a5a4c,62910,0,Production Technician I,MA,20***,US Citizen,7/7/2014,,N/A-StillEmployed,Active,Production       ,Indeed,Exceeds,5.0,3,0,2/27/2019,0,19,35-44
a2b5b160c1a4,66441,0,Production Technician II,MA,21***,US Citizen,4/4/2011,,N/A-StillEmployed,Active,Production       ,CareerBuilder,Needs Improvement,2.0,3,0,2/27/2019,2,3,35-44
7fe7e2e8250b,57815,1,Production Technician II,MA,22***,US Citizen,1/10/2011,4/4/2014,career change,Voluntarily Terminated,Production       ,Google Search,Fully Meets,4.8,5,0,3/4/2014,0,5,Unknown
e058b40a3416,103613,1,Enterprise Architect,CT,60***,US Citizen,2/17/2014,2/19/2016,Learned that he is a gangster,Terminated for Cause,IT/IS,LinkedIn,Fully Meets,3.5,5,7,1/10/2016,0,2,Unknown
78d0a7b89dce,106367,0,Sr. Accountant,MA,24***,US Citizen,2/16/2015,,N/A-StillEmployed,Active,Admin Offices,Diversity Job Fair,Fully Meets,5.0,4,3,2/18/2019,0,4,35-44
ffc3b91c3744,74312,1,Production Manager,MA,19***,US Citizen,9/30/2013,8/7/2014,retiring,Voluntarily Terminated,Production       ,Indeed,Fully Meets,3.39,3,0,2/20/2014,0,14,Unknown
e8c156833765,53492,1,Production Technician I,MA,17***,US Citizen,4/2/2012,6/15/2013,Another position,Voluntarily Terminated,Production       ,Google Search,Fully Meets,3.35,4,0,3/4/2013,0,6,35-44
79bfca31c435,63000,0,Accountant I,MA,14***,US Citizen,10/27/2008,,N/A-StillEmployed,Active,Admin Offices,Diversity Job Fair,Fully Meets,4.5,2,6,1/15/2019,0,14,35-44
2fad7ac73585,65288,0,Production Technician II,MA,10***,US Citizen,9/29/2014,,N/A-StillEmployed,Active,Production       ,Google Search,Fully Meets,3.19,3,0,2/1/2019,0,9,35-44
91d29cb4702d,64375,0,Production Technician I,MA,20***,US Citizen,11/11/2013,,N/A-StillEmployed,Active,Production       ,Diversity Job Fair,Fully Meets,3.5,5,0,1/21/2019,0,17,Unknown
67808345c03f,74326,1,Area Sales Manager,VA,21***,Eligible NonCitizen,8/15/2011,8/2/2014,Another position,Voluntarily Terminated,Sales,Google Search,Fully Meets,3.14,5,0,2/10/2013,1,19,Unknown
218f10d8e0fd,63763,0,Production Technician II,MA,21***,US Citizen,3/5/2012,,N/A-StillEmployed,Active,Production       ,Employee Referral,Fully Meets,4.51,4,0,2/21/2019,0,3,45-54
45fc05919ca9,62162,0,Production Technician II,MA,18***,US Citizen,4/4/2011,,N/A-StillEmployed,Active,Production       ,Indeed,Fully Meets,3.25,5,0,1/14/2019,0,15,45-54
d8fa9bccaa12,77692,0,Software Engineering Manager,MA,21***,US Citizen,8/15/2011,,N/A-StillEmployed,Active,Software Engineering,Google Search,Fully Meets,3.84,3,5,1/21/2019,0,4,Unknown
e443169117a1,72640,0,Production Manager,MA,21***,US Citizen,1/28/2016,,N/A-StillEmployed,Active,Production       ,Indeed,Exceeds,5.0,3,0,2/22/2019,0,14,35-44
f8072ac02727,93396,0,Software Engineer,MA,21***,US Citizen,11/11/2013,,N/A-StillEmployed,Active,Software Engineering,Indeed,Fully Meets,4.96,4,6,1/30/2019,0,3,35-44
ac7bb74de688,52846,0,Production Technician I,MA,17***,US Citizen,3/31/2014,,N/A-StillEmployed,Active,Production       ,LinkedIn,Fully Meets,4.43,3,0,2/1/2019,0,14,35-44
c0f7b70ab271,100031,0,Sr. DBA,MA,18***,US Citizen,6/30/2016,,N/A-StillEmployed,Active,IT/IS,LinkedIn,Fully Meets,5.0,5,6,2/18/2019,0,7,35-44
a1dfa08326c8,71860,0,Area Sales Manager,VT,56***,US Citizen,8/18/2014,,N/A-StillEmployed,Active,Sales,Indeed,Fully Meets,5.0,5,0,1/21/2019,0,7,Unknown
f85cce4c1555,61656,0,Production Technician I,MA,27***,US Citizen,9/29/2014,,N/A-StillEmployed,Active,Production       ,Google Search,Fully Meets,5.0,4,0,2/12/2019,0,11,Unknown
eec4bed19875,110929,0,BI Director,MA,20***,US Citizen,9/6/2016,,N/A-StillEmployed,Active,IT/IS,Indeed,Fully Meets,4.5,5,7,1/15/2019,0,8,Unknown
15ad62b0acc9,54237,0,Production Technician I,MA,21***,US Citizen,5/12/2014,,N/A-StillEmployed,Active,Production       ,Indeed,Fully Meets,3.3,4,0,2/19/2019,0,11,45-54
530e302cbd89,60380,0,Production Technician I,MA,18***,US Citizen,7/8/2013,,N/A-StillEmployed,Active,Production       ,LinkedIn,Fully Meets,3.8,5,0,1/14/2019,0,4,35-44
b5b3fa3f30c9,66808,0,Area Sales Manager,TX,78***,Eligible NonCitizen,5/14/2012,,N/A-StillEmployed,Active,Sales,Employee Referral,Fully Meets,3.0,5,0,1/19/2019,0,17,Unknown
205e7b780de0,64786,1,Production Technician I,MA,17***,US Citizen,6/27/2011,11/15/2015,relocation out of area,Voluntarily Terminated,Production       ,Indeed,Fully Meets,4.3,4,0,3/10/2015,0,3,35-44
27804d520f5b,64816,0,Production Technician I,MA,20***,Non-Citizen,10/3/2011,,N/A-StillEmployed,Active,Production       ,Indeed,Fully Meets,3.58,5,0,1/30/2019,0,3,35-44
63163b57e389,68678,0,IT Support,MA,21***,US Citizen,9/5/2012,,N/A-StillEmployed,Active,IT/IS,Indeed,Fully Meets,4.7,3,6,2/27/2019,0,2,35-44
6b454452a2b6,64066,1,Production Technician II,MA,17***,US Citizen,5/16/2011,1/7/2013,unhappy,Voluntarily Terminated,Production       ,Google Search,Fully Meets,4.2,5,0,5/3/2012,0,9,45-54
3d48c535d39e,59369,1,Production Technician II,MA,21***,US Citizen,8/30/2010,9/26/2011,career change,Voluntarily Terminated,Production       ,Indeed,Fully Meets,4.2,4,0,5/4/2011,0,6,45-54
4b8743b8725c,50373,0,Production Technician I,MA,21***,US Citizen,7/6/2016,,N/A-StillEmployed,Active,Production       ,Employee Referral,Exceeds,4.1,4,0,2/28/2019,0,5,45-54
155d04976ba6,63108,0,Production Technician I,MA,24***,US Citizen,7/8/2013,,N/A-StillEmployed,Active,Production       ,Employee Referral,Fully Meets,4.4,5,0,1/14/2019,0,3,45-54
eb72d6efc172,59144,1,Production Technician I,MA,18***,US Citizen,7/11/2011,9/23/2016,performance,Terminated for Cause,Production       ,LinkedIn,Needs Improvement,2.0,3,0,5/1/2016,5,16,45-54
9abb2626204b,68051,0,Production Manager,MA,18***,US Citizen,7/20/2010,,N/A-StillEmployed,Active,Production       ,CareerBuilder,Needs Improvement,4.13,2,0,1/14/2019,3,3,Unknown
4ff717d584ed,170500,0,Director of Operations,MA,20***,US Citizen,1/5/2009,,N/A-StillEmployed,Active,Production       ,Indeed,Exceeds,3.7,5,0,2/4/2019,0,15,35-44
f7e11a1e5d02,63381,0,Production Technician I,MA,21***,US Citizen,1/5/2015,,N/A-StillEmployed,Active,Production       ,Indeed,Fully Meets,4.73,5,0,2/14/2019,0,6,45-54
bc7773ef3acb,83552,0,Data Analyst,MA,18***,US Citizen,3/30/2015,,N/A-StillEmployed,Active,IT/IS,Indeed,Fully Meets,3.04,3,6,1/22/2019,0,2,35-44
1f421e7c6162,56149,0,Production Technician I,MA,18***,US Citizen,7/6/2016,,N/A-StillEmployed,Active,Production       ,LinkedIn,Fully Meets,4.12,5,0,1/28/2019,0,15,35-44
4ecdb4def4e2,92329,0,Sr. Network Engineer,CT,62***,US Citizen,11/10/2014,,N/A-StillEmployed,Active,IT/IS,Employee Referral,Fully Meets,5.0,3,4,1/2/2019,0,5,Unknown
a7523876db3e,65729,0,Sales Manager,VT,54***,US Citizen,5/5/2014,,N/A-StillEmployed,Active,Sales,Indeed,Fully Meets,4.62,4,0,1/24/2019,0,8,35-44
8fc47fb812c3,85028,0,Sr. Network Engineer,CT,60***,US Citizen,11/10/2014,,N/A-StillEmployed,Active,IT/IS,LinkedIn,Fully Meets,3.1,5,8,2/12/2019,0,19,Unknown
9d06e5d38103,57583,0,Production Technician I,MA,21***,US Citizen,7/2/2012,,N/A-StillEmployed,Active,Production       ,Indeed,Fully Meets,5.0,3,0,2/25/2019,0,1,45-54
b2eaa05bb7f7,56294,0,Production Technician II,MA,24***,Eligible NonCitizen,11/7/2011,,N/A-StillEmployed,Active,Production       ,LinkedIn,Fully Meets,3.96,4,0,2/27/2019,0,6,45-54
75ebb412845f,56991,0,Production Technician I,MA,21***,US Citizen,7/9/2018,,N/A-StillEmployed,Active,Production       ,Indeed,Fully Meets,4.3,4,3,1/31/2019,2,2,35-44
4b188eae83f5,55722,1,Production Technician I,MA,18***,US Citizen,5/16/2011,6/8/2016,unhappy,Voluntarily Terminated,Production       ,Indeed,Fully Meets,5.0,4,0,4/2/2016,0,14,45-54
e030bed77271,101199,0,Software Engineer,MA,21***,US Citizen,1/9/2012,,N/A-StillEmployed,Active,Software Engineering,CareerBuilder,Fully Meets,3.79,5,5,1/25/2019,0,8,45-54
0680e388fc5b,61568,0,Area Sales Manager,AL,36***,US Citizen,9/29/2014,,N/A-StillEmployed,Active,Sales,Indeed,PIP,1.93,3,0,1/30/2019,6,5,Unknown
af2aef7071ca,58275,1,Production Technician II,MA,23***,US Citizen,4/4/2011,11/4/2015,more money,Voluntarily Terminated,Production       ,Google Search,Fully Meets,4.62,5,0,5/6/2015,0,1,Unknown
ae3fd9fab08a,53189,0,Production Technician I,MA,20***,US Citizen,7/7/2014,,N/A-StillEmployed,Active,Production       ,Indeed,PIP,1.12,2,0,1/31/2019,4,9,Unknown
c8493910d287,96820,0,BI Developer,MA,20***,US Citizen,2/15/2017,,N/A-StillEmployed,Active,IT/IS,Indeed,Fully Meets,3.01,5,7,1/23/2019,0,15,35-44
061a25061943,51259,0,Production Technician I,MA,21***,US Citizen,5/12/2014,,N/A-StillEmployed,Active,Production       ,Indeed,Fully Meets,4.3,4,0,2/19/2019,0,1,35-44
4a381e6eb9c1,59231,0,Area Sales Manager,WA,98***,US Citizen,2/20/2012,,N/A-StillEmployed,Active,Sales,Website,PIP,2.3,1,0,1/29/2019,2,17,35-44
83545a418951,61584,0,Production Technician I,MA,23***,US Citizen,1/7/2013,,N/A-StillEmployed,Active,Production       ,Indeed,Needs Improvement,3.88,4,0,1/18/2019,0,6,45-54
364945ecf18d,46335,0,Production Technician I,MA,21***,US Citizen,4/2/2012,,N/A-StillEmployed,Active,Production       ,CareerBuilder,Fully Meets,3.4,5,0,2/19/2019,0,15,35-44
7d686424482e,70621,0,IT Support,MA,21***,US Citizen,1/5/2015,,N/A-StillEmployed,Active,IT/IS,Employee Referral,Fully Meets,4.11,4,6,2/25/2019,0,16,35-44
3e7db077f6e8,138888,0,IT Manager - Support,MA,18***,US Citizen,1/5/2014,,N/A-StillEmployed,Active,IT/IS,Indeed,Exceeds,4.3,5,5,1/4/2019,0,4,Unknown
a6c9b0f863d3,74241,0,Area Sales Manager,CA,90***,US Citizen,1/10/2011,,N/A-StillEmployed,Active,Sales,Indeed,Exceeds,4.77,5,0,1/27/2019,0,14,35-44
d62aadf3e3d9,75188,0,Production Manager,MA,17***,US Citizen,9/18/2014,,N/A-StillEmployed,Active,Production       ,Google Search,Fully Meets,4.52,4,0,1/15/2019,0,4,Unknown
1f0d41c157a1,62514,0,Production Technician I,MA,17***,US Citizen,4/26/2010,,N/A-StillEmployed,Active,Production       ,Google Search,Fully Meets,2.9,3,0,1/21/2019,0,6,Unknown
901d5db6d2bd,60070,1,Production Technician I,MA,23***,US Citizen,4/4/2011,6/6/2017,military,Voluntarily Terminated,Production       ,Google Search,Fully Meets,5.0,3,0,4/9/2017,0,7,35-44
792cedb3cad8,48888,0,Production Technician I,MA,20***,US Citizen,11/10/2014,,N/A-StillEmployed,Active,Production       ,LinkedIn,Fully Meets,4.7,5,0,2/13/2019,0,8,Unknown
03a74aef2616,54285,0,Production Technician I,MA,20***,US Citizen,3/31/2014,,N/A-StillEmployed,Active,Production       ,Employee Referral,Fully Meets,4.2,3,0,1/11/2019,0,3,45-54
9fec633b8539,56847,0,Production Technician II,MA,21***,US Citizen,7/7/2014,,N/A-StillEmployed,Active,Production       ,Indeed,PIP,3.0,1,0,2/25/2019,2,5,35-44
9877e1af96b8,60340,1,Production Technician I,MA,21***,US Citizen,4/2/2012,9/27/2018,attendance,Terminated for Cause,Production       ,Google Search,Needs Improvement,5.0,4,0,4/12/2018,5,16,35-44
e9e88be2543b,59124,1,Production Technician I,MA,24***,US Citizen,2/17/2014,2/25/2018,"no-call, no-show",Terminated for Cause,Production       ,Google Search,Needs Improvement,2.3,3,0,1/15/2017,5,19,35-44
9bc7684b0d1c,99280,1,Software Engineer,MA,17***,US Citizen,5/2/2011,6/5/2013,attendance,Terminated for Cause,Software Engineering,Indeed,Needs Improvement,2.1,5,4,8/10/2012,4,19,35-44
b4738a702328,71776,0,Production Technician II,MA,18***,US Citizen,7/7/2014,,N/A-StillEmployed,Active,Production       ,LinkedIn,Fully Meets,4.4,5,0,2/22/2019,0,17,45-54
5a2065752516,65902,0,Production Technician II,MA,23***,US Citizen,2/17/2014,,N/A-StillEmployed,Active,Production       ,LinkedIn,Fully Meets,4.0,4,0,1/7/2019,0,7,35-44
6cf0499cb7c8,57748,1,Production Technician I,MA,21***,US Citizen,11/7/2011,5/17/2016,military,Voluntarily Terminated,Production       ,Google Search,Fully Meets,3.13,3,0,2/4/2016,0,16,Unknown
9d35c7bac3de,64057,0,Production Technician I,MA,21***,US Citizen,5/11/2015,,N/A-StillEmployed,Active,Production       ,Indeed,PIP,1.56,5,0,1/3/2019,6,15,35-44
9ace4ea60d2a,53366,0,Network Engineer,MA,21***,US Citizen,3/30/2015,,N/A-StillEmployed,Active,IT/IS,LinkedIn,PIP,1.2,3,6,2/4/2019,3,2,35-44
290aea937ba7,58530,0,Production Technician I,MA,21***,US Citizen,1/9/2012,,N/A-StillEmployed,Active,Production       ,Google Search,Fully Meets,5.0,5,0,1/29/2019,0,19,45-54
aa5c025dfc7a,72609,1,Production Technician II,MA,21***,US Citizen,5/16/2011,6/24/2013,hours,Voluntarily Terminated,Production       ,Google Search,Fully Meets,4.76,5,0,4/5/2013,0,20,45-54
dd097ec6b5fb,55965,1,Production Technician II,MA,21***,US Citizen,4/4/2011,1/9/2013,career change,Voluntarily Terminated,Production       ,Google Search,Fully Meets,3.66,3,0,1/7/2012,0,6,35-44
61338f184351,70187,1,Area Sales Manager,MA,23***,US Citizen,9/29/2014,8/19/2018,Fatal attraction,Terminated for Cause,Sales,Employee Referral,PIP,2.0,5,0,1/28/2019,4,7,Unknown
b85dfd48ccce,178000,0,IT Director,MA,14***,US Citizen,4/15/2011,,N/A-StillEmployed,Active,IT/IS,Indeed,Exceeds,5.0,5,5,1/7/2019,0,15,45-54
2ab4e55c7fdf,99351,0,Sr. Accountant,MA,20***,US Citizen,1/5/2009,,N/A-StillEmployed,Active,Admin Offices,Other,Fully Meets,5.0,3,2,2/8/2019,0,3,45-54
2b1b9551a3a8,67251,0,Area Sales Manager,CT,60***,US Citizen,9/6/2011,,N/A-StillEmployed,Active,Sales,CareerBuilder,Fully Meets,4.3,3,0,1/27/2019,2,7,Unknown
1b2f7d7e470f,65707,0,IT Support,CT,60***,US Citizen,5/1/2010,,N/A-StillEmployed,Active,IT/IS,LinkedIn,Fully Meets,4.7,4,5,2/1/2019,0,1,Unknown
90ee7f52a4de,52249,0,Production Technician I,MA,19***,US Citizen,3/30/2015,,N/A-StillEmployed,Active,Production       ,Employee Referral,Fully Meets,4.5,3,0,2/18/2019,0,5,35-44
9966121111d0,53171,0,Production Technician I,MA,21***,US Citizen,5/16/2011,,N/A-StillEmployed,Active,Production       ,LinkedIn,Fully Meets,4.2,4,0,2/26/2019,0,12,35-44
3618fa134786,51337,0,Production Technician I,MA,21***,US Citizen,3/30/2015,,N/A-StillEmployed,Active,Production       ,LinkedIn,Fully Meets,3.73,3,0,1/16/2019,0,19,35-44
7700541176d3,51505,1,Production Technician I,MA,23***,US Citizen,11/7/2011,11/15/2016,hours,Voluntarily Terminated,Production       ,Diversity Job Fair,Fully Meets,4.24,4,0,4/29/2016,0,2,Unknown
9c9e6e193f6c,59370,1,Area Sales Manager,OH,43***,US Citizen,7/7/2014,9/5/2015,attendance,Terminated for Cause,Sales,CareerBuilder,Fully Meets,3.97,4,0,1/15/2014,0,7,Unknown
d932f838ac5f,54933,1,Production Technician I,MA,20***,US Citizen,4/2/2012,6/25/2015,military,Voluntarily Terminated,Production       ,Diversity Job Fair,Needs Improvement,3.97,4,0,1/20/2015,3,15,Unknown
cae0b8d2088e,57815,0,Production Technician I,MA,24***,US Citizen,9/29/2014,,N/A-StillEmployed,Active,Production       ,Indeed,Exceeds,3.9,4,0,2/7/2019,0,3,45-54
226674fce2b9,61555,0,Area Sales Manager,IN,46***,US Citizen,2/16/2015,,N/A-StillEmployed,Active,Sales,Indeed,Fully Meets,4.5,5,0,1/25/2019,0,20,35-44
26793168fc37,114800,1,Database Administrator,MA,21***,US Citizen,2/16/2015,3/15/2015,"no-call, no-show",Terminated for Cause,IT/IS,Indeed,Fully Meets,4.6,4,4,1/20/2015,0,10,Unknown
7a35fd789a16,74679,0,IT Support,MA,21***,US Citizen,3/30/2015,,N/A-StillEmployed,Active,IT/IS,LinkedIn,Fully Meets,4.3,5,7,1/10/2019,0,20,35-44
9b5ce75faa96,53018,0,Production Technician I,MA,24***,US Citizen,11/11/2013,,N/A-StillEmployed,Active,Production       ,Indeed,Fully Meets,4.3,5,0,2/18/2019,0,7,25-34
3279edcf926d,59892,0,Production Technician I,MA,21***,US Citizen,7/11/2011,,N/A-StillEmployed,Active,Production       ,Diversity Job Fair,Exceeds,4.5,4,0,2/18/2019,0,1,Unknown
ba9b89b41da2,68898,1,Production Technician II,MA,21***,US Citizen,4/26/2010,5/30/2011,career change,Voluntarily Terminated,Production       ,Diversity Job Fair,PIP,3.0,3,0,3/6/2011,3,10,Unknown
1ac6d6215654,61242,0,IT Support,MA,24***,US Citizen,1/5/2015,,N/A-StillEmployed,Active,IT/IS,Employee Referral,Fully Meets,4.61,4,5,1/28/2019,0,11,45-54
e9d079d2b478,66825,0,Production Technician II,MA,18***,US Citizen,5/12/2014,,N/A-StillEmployed,Active,Production       ,LinkedIn,Fully Meets,4.6,3,0,2/7/2019,0,20,35-44
dbf5b3d60f91,48285,0,Production Technician I,MA,21***,US Citizen,7/2/2012,,N/A-StillEmployed,Active,Production       ,LinkedIn,Fully Meets,5.0,3,0,1/14/2019,0,2,45-54
b24feb419bf8,66149,0,Production Technician II,MA,18***,US Citizen,9/30/2013,,N/A-StillEmployed,Active,Production       ,Google Search,Fully Meets,4.4,5,0,2/21/2019,0,1,35-44
1fe095568135,49256,0,Production Technician I,MA,18***,US Citizen,8/19/2013,,N/A-StillEmployed,Active,Production       ,LinkedIn,Fully Meets,4.1,5,0,2/15/2019,0,3,Unknown
868f3898f75b,62957,0,Production Manager,MA,17***,US Citizen,6/2/2015,,N/A-StillEmployed,Active,Production       ,Employee Referral,Fully Meets,4.63,3,0,1/4/2019,0,2,45-54
452f2aeeb390,63813,1,Production Technician I,MA,21***,US Citizen,2/21/2011,1/11/2014,more money,Voluntarily Terminated,Production       ,CareerBuilder,Fully Meets,5.0,5,0,6/3/2013,0,17,35-44
324738c760b0,99020,0,BI Developer,MA,21***,US Citizen,4/20/2017,,N/A-StillEmployed,Active,IT/IS,Indeed,Fully Meets,4.2,5,5,1/28/2019,0,8,35-44
875ec5e3d485,71707,1,Area Sales Manager,TN,37***,US Citizen,3/7/2012,10/31/2014,relocation out of area,Voluntarily Terminated,Sales,LinkedIn,Fully Meets,4.5,5,0,2/1/2013,0,20,Unknown
7cb3fc848fa0,54828,0,Production Technician I,MA,21***,US Citizen,11/28/2011,,N/A-StillEmployed,Active,Production       ,Google Search,Fully Meets,4.2,4,0,2/22/2019,0,13,45-54
823de0ea3549,64246,0,Production Technician II,MA,21***,US Citizen,11/11/2013,,N/A-StillEmployed,Active,Production       ,LinkedIn,Fully Meets,5.0,3,0,1/8/2019,0,20,35-44
bc1f7bea11c3,52177,1,Production Technician I,MA,23***,US Citizen,1/9/2012,12/15/2015,retiring,Voluntarily Terminated,Production       ,CareerBuilder,Fully Meets,4.64,4,0,5/2/2015,0,8,Unknown
9dddde7e9531,62065,0,Production Technician I,MA,18***,US Citizen,5/12/2014,,N/A-StillEmployed,Active,Production       ,CareerBuilder,Exceeds,4.76,4,0,2/15/2019,0,5,Unknown
c2cf8dddfa94,46998,0,Production Technician I,MA,21***,US Citizen,8/13/2012,,N/A-StillEmployed,Active,Production       ,Google Search,Fully Meets,4.17,4,0,2/11/2019,0,1,35-44
2239804df6c3,68099,1,Production Technician II,MA,20***,US Citizen,1/10/2011,6/18/2013,hours,Voluntarily Terminated,Production       ,CareerBuilder,Fully Meets,5.0,3,0,1/30/2013,0,15,Unknown
2cf685f717d7,70545,0,Area Sales Manager,NH,30***,US Citizen,8/18/2014,,N/A-StillEmployed,Active,Sales,Indeed,Fully Meets,3.6,5,0,1/30/2019,0,9,35-44
37996a5cd953,63478,1,Production Technician II,MA,24***,Non-Citizen,8/15/2011,4/7/2012,relocation out of area,Voluntarily Terminated,Production       ,Indeed,Fully Meets,3.03,5,0,3/5/2012,0,16,35-44
8a21bc0d1651,97999,0,Database Administrator,MA,24***,US Citizen,3/30/2015,,N/A-StillEmployed,Active,IT/IS,Indeed,Fully Meets,4.48,5,6,1/3/2019,0,4,35-44
835159c5475c,180000,0,Director of Sales,RI,29***,US Citizen,5/5/2014,,N/A-StillEmployed,Active,Sales,LinkedIn,Fully Meets,4.5,4,0,1/21/2019,0,19,Unknown
29d6a91ff167,49920,1,Administrative Assistant,MA,21***,US Citizen,2/16/2015,4/15/2015,"no-call, no-show",Terminated for Cause,Admin Offices,Indeed,Fully Meets,3.24,3,4,4/15/2015,0,6,35-44
74b66466ac3c,55425,0,Production Technician I,MA,21***,US Citizen,2/20/2012,,N/A-StillEmployed,Active,Production       ,LinkedIn,Fully Meets,4.8,4,0,1/7/2019,0,4,35-44
e83de2a50225,69340,0,Production Technician II,MA,20***,US Citizen,6/6/2016,,N/A-StillEmployed,Active,Production       ,LinkedIn,Fully Meets,3.0,5,0,1/18/2019,0,4,35-44
427a600f3249,64995,0,Production Technician II,MA,23***,US Citizen,6/5/2015,,N/A-StillEmployed,Active,Production       ,Indeed,Fully Meets,4.5,3,0,2/14/2019,0,6,25-34
1ca5d0aa97c4,68182,1,Production Technician II,MA,17***,US Citizen,2/21/2011,4/1/2013,unhappy,Voluntarily Terminated,Production       ,Google Search,Fully Meets,3.72,3,0,2/1/2013,0,18,45-54
b5eb854bc3ac,83082,1,Production Manager,MA,21***,US Citizen,2/21/2011,9/24/2012,unhappy,Voluntarily Terminated,Production       ,Indeed,Needs Improvement,2.34,2,0,4/12/2012,3,4,45-54
52b67fec538f,51908,0,Production Technician I,MA,17***,US Citizen,8/19/2013,,N/A-StillEmployed,Active,Production       ,Indeed,Fully Meets,3.99,3,0,1/14/2019,0,14,35-44
4a36d56718a6,61242,0,Production Technician I,MA,20***,US Citizen,11/5/2012,,N/A-StillEmployed,Active,Production       ,LinkedIn,Fully Meets,4.1,3,0,1/17/2019,0,7,Unknown
e6fd7e66c960,45069,0,Production Technician I,MA,17***,US Citizen,9/30/2013,,N/A-StillEmployed,Active,Production       ,Employee Referral,Fully Meets,4.3,5,0,2/22/2019,0,7,Unknown
53a84293ab3f,60724,0,Production Technician II,MA,18***,US Citizen,7/5/2011,,N/A-StillEmployed,Active,Production       ,LinkedIn,Exceeds,4.6,4,0,2/25/2019,0,11,35-44
1c2a014b8cd4,60436,0,Production Technician I,MA,21***,US Citizen,1/6/2014,,N/A-StillEmployed,Active,Production       ,LinkedIn,Fully Meets,5.0,5,0,1/21/2019,0,9,Unknown
8a34427d232a,46837,1,Production Technician I,MA,24***,US Citizen,11/7/2011,4/29/2018,more money,Voluntarily Terminated,Production       ,CareerBuilder,Exceeds,4.7,4,0,2/14/2018,0,9,Unknown
6dbbf5bcfded,105700,0,Database Administrator,MA,23***,US Citizen,1/5/2015,,N/A-StillEmployed,Active,IT/IS,Indeed,Fully Meets,3.75,3,5,2/11/2019,0,2,35-44
98fd5cbf0979,63322,0,Production Technician II,MA,21***,US Citizen,7/7/2014,,N/A-StillEmployed,Active,Production       ,LinkedIn,Exceeds,4.3,3,0,1/11/2019,0,1,Unknown
af2e308510a2,61154,1,Production Technician I,MA,24***,US Citizen,1/10/2011,4/1/2016,unhappy,Voluntarily Terminated,Production       ,CareerBuilder,Fully Meets,4.0,4,0,2/3/2016,0,4,35-44
624b610c686d,68999,1,Sales Manager,PA,19***,US Citizen,11/7/2011,4/24/2014,maternity leave - did not return,Voluntarily Terminated,Sales,Google Search,Fully Meets,4.5,5,0,3/30/2013,0,2,35-44
79c4d0e9efc7,50482,0,Production Technician I,MA,18***,US Citizen,9/30/2013,,N/A-StillEmployed,Active,Production       ,Indeed,Fully Meets,3.07,4,0,1/23/2019,0,10,45-54
51f4699a9135,65310,0,Area Sales Manager,CO,80***,US Citizen,8/19/2013,,N/A-StillEmployed,Active,Sales,Indeed,Fully Meets,4.3,5,0,1/22/2019,0,13,45-54
f887a1298b19,250000,0,President & CEO,MA,19***,US Citizen,7/2/2012,,N/A-StillEmployed,Active,Executive Office,Indeed,Fully Meets,4.83,3,0,1/17/2019,0,10,Unknown
0a7a72c52103,54005,1,Production Technician I,MA,21***,US Citizen,9/26/2011,6/4/2015,more money,Voluntarily Terminated,Production       ,Google Search,Fully Meets,3.6,5,0,3/1/2015,0,16,Unknown
321ef7e85c8c,45433,1,Production Technician I,MA,21***,US Citizen,9/26/2011,1/9/2014,more money,Voluntarily Terminated,Production       ,Google Search,Fully Meets,3.49,4,0,1/30/2013,0,6,Unknown
6566ba1b1e2d,46654,0,Production Technician I,MA,17***,US Citizen,2/17/2014,,N/A-StillEmployed,Active,Production       ,LinkedIn,Fully Meets,3.1,3,0,2/6/2019,0,3,45-54
4a45ca6f7253,63973,0,Production Technician I,MA,18***,US Citizen,1/10/2011,,N/A-StillEmployed,Active,Production       ,Indeed,Fully Meets,3.38,3,0,1/21/2019,0,17,45-54
5f2887164b17,71339,0,Area Sales Manager,NY,10***,US Citizen,3/7/2011,,N/A-StillEmployed,Active,Sales,Diversity Job Fair,Fully Meets,3.65,5,0,1/17/2019,0,20,Unknown
0158e5183a23,93206,0,Sr. Network Engineer,MA,21***,US Citizen,11/10/2014,,N/A-StillEmployed,Active,IT/IS,Employee Referral,Fully Meets,4.46,5,6,1/7/2019,0,7,35-44
2a3c1f80a5cb,82758,1,Production Manager,MA,18***,US Citizen,1/10/2011,12/12/2015,attendance,Terminated for Cause,Production       ,Employee Referral,Fully Meets,4.78,4,0,2/15/2015,0,9,Unknown
ca025d18ec6c,66074,1,Production Technician II,MA,20***,US Citizen,1/7/2013,3/31/2014,Another position,Voluntarily Terminated,Production       ,Indeed,Fully Meets,4.52,3,0,2/20/2014,0,20,45-54
2bf43b998420,46120,0,Production Technician I,MA,20***,US Citizen,7/9/2012,,N/A-StillEmployed,Active,Production       ,LinkedIn,Fully Meets,5.0,5,0,2/4/2019,0,13,35-44
010c55734895,64520,0,Accountant I,MA,14***,US Citizen,1/6/2014,,N/A-StillEmployed,Active,Admin Offices,Website,Fully Meets,5.0,4,4,1/17/2019,0,3,35-44
6938379a3f09,61962,1,Production Technician II,MA,21***,US Citizen,4/2/2012,4/15/2013,more money,Voluntarily Terminated,Production       ,Google Search,Fully Meets,4.9,3,0,2/20/2013,0,20,35-44
f8b161fb51b8,81584,0,Senior BI Developer,MA,18***,US Citizen,10/2/2016,,N/A-StillEmployed,Active,IT/IS,Indeed,Fully Meets,4.1,5,7,1/8/2019,0,2,35-44
67ff8ff154ac,63676,1,Production Technician I,MA,18***,US Citizen,9/26/2011,8/19/2018,return to school,Voluntarily Terminated,Production       ,CareerBuilder,Fully Meets,4.88,3,0,7/2/2017,0,17,45-54
9fc19ecb4bc1,93046,0,Shared Services Manager,MA,14***,US Citizen,1/5/2016,,N/A-StillEmployed,Active,Admin Offices,CareerBuilder,Fully Meets,4.1,4,0,1/28/2019,0,20,35-44
3b12f5a91eab,64738,0,Production Technician I,MA,17***,US Citizen,5/14/2012,,N/A-StillEmployed,Active,Production       ,Google Search,Fully Meets,4.1,3,0,2/22/2019,0,10,35-44
8d1dea6a0cd4,70468,0,Area Sales Manager,UT,84***,US Citizen,4/30/2012,,N/A-StillEmployed,Active,Sales,Website,Fully Meets,4.53,3,0,1/29/2019,0,16,35-44
7249e9593890,77915,0,Production Manager,MA,21***,US Citizen,9/30/2013,,N/A-StillEmployed,Active,Production       ,Website,Exceeds,4.1,3,0,1/21/2019,0,11,45-54
08cf6c086143,52624,1,Production Technician I,MA,18***,US Citizen,7/5/2011,9/26/2018,unhappy,Voluntarily Terminated,Production       ,Indeed,Fully Meets,3.18,4,0,3/2/2018,0,16,45-54
2d9201d88560,63450,0,Production Technician II,MA,17***,US Citizen,7/8/2013,,N/A-StillEmployed,Active,Production       ,LinkedIn,Fully Meets,4.0,3,0,2/18/2019,0,7,45-54
39346d4953ad,51777,0,IT Support,CT,60***,US Citizen,1/21/2011,,N/A-StillEmployed,Active,IT/IS,Diversity Job Fair,Exceeds,4.64,4,5,1/25/2019,0,14,35-44
7780e013b7e8,67237,1,Production Technician II,MA,21***,US Citizen,7/8/2013,9/15/2016,more money,Voluntarily Terminated,Production       ,LinkedIn,Fully Meets,4.65,4,0,6/10/2016,0,15,45-54
bf4a97bd2c1d,73330,0,Production Technician II,MA,23***,US Citizen,8/19/2013,,N/A-StillEmployed,Active,Production       ,Indeed,Exceeds,4.2,4,0,2/12/2019,0,19,35-44
408934a96ee6,52057,0,Production Technician I,MA,21***,US Citizen,2/16/2015,,N/A-StillEmployed,Active,Production       ,Website,Fully Meets,5.0,3,0,1/23/2019,0,6,Unknown
0d9a5484f79e,47434,1,Production Technician I,MA,18***,US Citizen,11/7/2011,11/14/2015,Another position,Voluntarily Terminated,Production       ,Diversity Job Fair,Exceeds,5.0,4,0,2/2/2015,0,17,Unknown
cfaf1d10d0d3,52788,1,Production Technician I,MA,19***,US Citizen,9/24/2012,9/26/2017,hours,Voluntarily Terminated,Production       ,Indeed,Fully Meets,3.08,4,0,4/1/2017,0,18,Unknown
2a5923f37dd9,45395,0,Production Technician I,MA,21***,US Citizen,1/6/2014,,N/A-StillEmployed,Active,Production       ,LinkedIn,Fully Meets,4.6,4,0,2/26/2019,0,14,35-44
32f69e84d25d,62385,0,Production Technician II,MA,23***,US Citizen,5/11/2016,,N/A-StillEmployed,Active,Production       ,LinkedIn,Fully Meets,5.0,3,0,1/21/2019,0,4,45-54
2fe69332fa59,68407,1,Production Technician II,MA,21***,US Citizen,7/5/2011,8/19/2012,Another position,Voluntarily Terminated,Production       ,LinkedIn,Fully Meets,5.0,4,0,7/2/2012,0,16,35-44
724a1f1f0a47,61349,0,Production Technician I,MA,24***,US Citizen,11/11/2013,,N/A-StillEmployed,Active,Production       ,LinkedIn,Fully Meets,4.1,3,0,1/22/2019,0,11,Unknown
db757b73dcd5,105688,0,Software Engineer,MA,21***,US Citizen,11/11/2013,,N/A-StillEmployed,Active,Software Engineering,Google Search,Fully Meets,4.5,5,4,1/14/2019,0,14,35-44
885332b7f22a,54132,0,Production Technician I,MA,23***,US Citizen,5/31/2011,,N/A-StillEmployed,Active,Production       ,Indeed,Fully Meets,5.0,4,0,1/10/2019,0,8,45-54
9c7881a9f6fa,55315,0,Production Technician II,MA,21***,US Citizen,3/30/2015,,N/A-StillEmployed,Active,Production       ,LinkedIn,Fully Meets,5.0,5,0,2/7/2019,0,16,35-44
258c2d6e1ca3,62810,0,Production Technician I,MA,21***,US Citizen,1/7/2013,,N/A-StillEmployed,Active,Production       ,CareerBuilder,Fully Meets,3.93,3,0,1/30/2019,0,20,35-44
42bfe80fd854,63291,0,Area Sales Manager,TX,78***,US Citizen,7/6/2016,,N/A-StillEmployed,Active,Sales,Website,Fully Meets,3.4,4,0,1/29/2019,0,7,35-44
e92853871823,62659,1,Production Technician I,MA,17***,US Citizen,4/2/2012,11/11/2016,Another position,Voluntarily Terminated,Production       ,Diversity Job Fair,Fully Meets,4.18,4,0,2/5/2016,0,17,Unknown
12007f07fca5,55688,0,Production Technician I,MA,23***,US Citizen,3/30/2015,,N/A-StillEmployed,Active,Production       ,CareerBuilder,Fully Meets,5.0,4,0,1/21/2019,0,10,45-54
c81770e48345,83667,0,Production Manager,MA,20***,US Citizen,8/16/2012,,N/A-StillEmployed,Active,Production       ,Indeed,Fully Meets,4.37,3,0,1/14/2019,0,2,45-54
ab7001df69d2,55800,1,Production Technician II,MA,24***,US Citizen,8/15/2011,9/4/2014,unhappy,Voluntarily Terminated,Production       ,LinkedIn,PIP,3.0,2,0,1/14/2013,6,6,35-44
cc3b02a1d33c,58207,0,Production Technician II,MA,14***,US Citizen,11/7/2011,,N/A-StillEmployed,Active,Production       ,LinkedIn,Fully Meets,3.7,3,0,1/8/2019,0,14,25-34
54e8c1fe7150,157000,0,IT Manager - Infra,MA,21***,Eligible NonCitizen,2/15/2012,,N/A-StillEmployed,Active,IT/IS,Diversity Job Fair,Needs Improvement,2.39,3,6,2/22/2019,4,13,35-44
544d3f9c0cff,72460,0,Production Technician II,MA,21***,US Citizen,5/13/2013,,N/A-StillEmployed,Active,Production       ,Indeed,Exceeds,4.7,3,0,1/14/2019,0,1,Unknown
5616b21808fc,72106,0,Production Technician II,MA,21***,US Citizen,1/9/2012,,N/A-StillEmployed,Active,Production       ,Diversity Job Fair,Fully Meets,4.1,4,0,1/31/2019,0,12,45-54
886c87e63245,52599,0,Network Engineer,MA,20***,US Citizen,2/16/2015,,N/A-StillEmployed,Active,IT/IS,CareerBuilder,Fully Meets,3.81,3,6,2/11/2019,0,6,45-54
85c525b08f83,63430,0,Production Technician I,MA,24***,US Citizen,4/1/2013,,N/A-StillEmployed,Active,Production       ,LinkedIn,Fully Meets,4.4,4,0,1/17/2019,0,18,35-44
801aaa199f10,74417,0,Production Technician II,MA,14***,US Citizen,5/13/2013,,N/A-StillEmployed,Active,Production       ,LinkedIn,Fully Meets,4.29,5,0,1/28/2019,0,11,Unknown
1fc3b814e757,57575,0,Production Technician I,MA,15***,US Citizen,7/8/2013,,N/A-StillEmployed,Active,Production       ,LinkedIn,Fully Meets,4.1,4,0,1/22/2019,0,13,45-54
5f7bb53b00fc,87921,0,Senior BI Developer,MA,20***,US Citizen,2/10/2017,,N/A-StillEmployed,Active,IT/IS,Indeed,Fully Meets,5.0,3,6,2/25/2019,0,17,Unknown
da795c9be2a6,50470,1,Production Technician I,MA,21***,US Citizen,9/26/2011,4/4/2014,return to school,Voluntarily Terminated,Production       ,Diversity Job Fair,Fully Meets,4.3,3,0,3/2/2013,0,19,35-44
570c3cd70292,46664,1,Production Technician I,MA,24***,US Citizen,4/1/2013,5/25/2016,more money,Voluntarily Terminated,Production       ,Employee Referral,Fully Meets,3.18,3,0,3/6/2016,0,10,35-44
c21ec5648f9d,48495,0,Production Technician I,MA,21***,US Citizen,5/12/2014,,N/A-StillEmployed,Active,Production       ,LinkedIn,Fully Meets,5.0,5,0,2/18/2019,0,11,45-54
b6d36910eb98,52984,0,Production Technician I,MA,18***,US Citizen,4/1/2013,,N/A-StillEmployed,Active,Production       ,Diversity Job Fair,Exceeds,4.0,3,0,2/13/2019,0,12,Unknown
ac7e951aab0f,63695,0,Area Sales Manager,GA,30***,US Citizen,7/8/2013,,N/A-StillEmployed,Active,Sales,Indeed,Fully Meets,5.0,5,0,1/25/2019,0,2,35-44
ddd0850687ae,62061,0,Production Technician I,MA,21***,US Citizen,7/8/2013,,N/A-StillEmployed,Active,Production       ,LinkedIn,Fully Meets,3.6,5,0,1/2/2019,0,4,35-44
be02ac56010b,66738,0,Production Technician II,MA,10***,US Citizen,11/10/2014,,N/A-StillEmployed,Active,Production       ,Indeed,Fully Meets,4.53,5,0,1/16/2019,0,5,35-44
6b404e387fbc,52674,1,Production Technician I,MA,21***,US Citizen,3/31/2014,5/1/2018,performance,Terminated for Cause,Production       ,LinkedIn,PIP,2.33,2,0,3/9/2018,6,3,45-54
b0709dfdd978,71966,1,Production Technician II,MA,24***,US Citizen,5/14/2012,8/19/2013,unhappy,Voluntarily Terminated,Production       ,LinkedIn,Fully Meets,5.0,3,0,7/2/2013,0,17,Unknown
9e00969ffaf4,63051,0,Area Sales Manager,FL,33***,US Citizen,9/30/2013,,N/A-StillEmployed,Active,Sales,Indeed,Fully Meets,4.28,3,0,1/25/2019,0,1,35-44
17eb8859aab8,47414,0,Production Technician I,MA,24***,US Citizen,9/30/2013,,N/A-StillEmployed,Active,Production       ,LinkedIn,Exceeds,5.0,3,0,2/7/2019,0,13,45-54
54409a01733c,53060,0,Production Technician I,MA,17***,US Citizen,2/17/2014,,N/A-StillEmployed,Active,Production       ,LinkedIn,Needs Improvement,4.25,3,0,2/4/2019,4,6,45-54
8a0c5ebdadc0,68829,0,Area Sales Manager,NC,27***,US Citizen,1/5/2015,,N/A-StillEmployed,Active,Sales,Website,Fully Meets,5.0,5,0,1/14/2019,0,18,35-44
47163efa2c52,63515,1,Production Technician I,MA,23***,US Citizen,2/7/2011,1/12/2014,Another position,Voluntarily Terminated,Production       ,Google Search,Fully Meets,3.89,4,0,3/4/2013,0,7,45-54
a1c5f5584e30,108987,1,Software Engineer,MA,18***,US Citizen,11/7/2011,9/7/2015,Another position,Voluntarily Terminated,Software Engineering,Diversity Job Fair,Exceeds,5.0,5,3,8/16/2015,0,13,45-54
8f555090a20b,93093,1,Data Analyst,MA,27***,US Citizen,12/1/2014,5/1/2016,performance,Voluntarily Terminated,IT/IS,Employee Referral,Fully Meets,4.7,4,5,1/16/2016,0,19,35-44
555e1980f5d7,53564,1,Production Technician I,MA,24***,US Citizen,1/10/2011,12/28/2017,career change,Voluntarily Terminated,Production       ,Google Search,Needs Improvement,3.54,5,0,4/6/2017,4,15,35-44
8854bd14526a,60270,1,Production Technician II,MA,24***,US Citizen,7/5/2011,9/15/2015,unhappy,Voluntarily Terminated,Production       ,CareerBuilder,Needs Improvement,2.4,5,0,2/6/2015,5,2,35-44
be79fb1513c1,45998,1,Production Technician I,MA,21***,US Citizen,5/16/2011,10/25/2015,medical issues,Voluntarily Terminated,Production       ,LinkedIn,Fully Meets,3.45,4,0,5/13/2014,0,5,35-44
67d9697a66a8,57954,1,Production Technician II,MA,18***,US Citizen,5/16/2011,2/4/2013,more money,Voluntarily Terminated,Production       ,Indeed,Exceeds,4.2,5,0,1/10/2013,0,12,35-44
3bd5092b9ea5,74669,1,Production Manager,MA,20***,US Citizen,10/25/2010,5/18/2016,Another position,Voluntarily Terminated,Production       ,Indeed,Fully Meets,4.16,5,0,3/5/2015,0,6,45-54
376efbf400be,74226,0,Production Technician II,MA,20***,Eligible NonCitizen,4/2/2012,,N/A-StillEmployed,Active,Production       ,LinkedIn,Fully Meets,4.3,3,0,1/14/2019,0,14,45-54
078208096eee,93554,0,Data Analyst,MA,18***,US Citizen,11/10/2014,,N/A-StillEmployed,Active,IT/IS,Employee Referral,Exceeds,4.6,5,7,1/4/2019,0,16,35-44
bb0c5a9fd6a4,64724,1,Production Technician I,MA,24***,US Citizen,7/5/2011,11/30/2012,more money,Voluntarily Terminated,Production       ,Google Search,Fully Meets,5.0,3,0,2/20/2012,0,13,35-44
00ad7e2e78ec,47001,0,Production Technician I,MA,24***,US Citizen,11/5/2007,,N/A-StillEmployed,Active,Production       ,Google Search,Fully Meets,3.66,3,0,2/25/2019,0,15,45-54
533a874c8c9b,61844,0,Area Sales Manager,KY,40***,US Citizen,1/9/2012,,N/A-StillEmployed,Active,Sales,Website,Fully Meets,4.2,5,0,2/1/2019,0,9,35-44
9e1831830801,46799,1,Production Technician I,MA,17***,Eligible NonCitizen,5/16/2011,6/4/2018,Another position,Voluntarily Terminated,Production       ,Google Search,Fully Meets,3.17,4,0,4/2/2018,0,14,35-44
161b0dc38c31,59472,0,Production Technician I,MA,21***,US Citizen,1/6/2014,,N/A-StillEmployed,Active,Production       ,Employee Referral,Fully Meets,4.8,3,0,1/7/2019,0,14,Unknown
60ce8c1b4485,46430,1,Production Technician I,MA,24***,US Citizen,9/24/2012,6/18/2013,unhappy,Voluntarily Terminated,Production       ,Indeed,Fully Meets,4.5,5,0,4/2/2013,0,16,Unknown
fbd3d0c1b32d,83363,1,Software Engineer,MA,20***,Eligible NonCitizen,2/21/2011,8/15/2015,career change,Voluntarily Terminated,Software Engineering,Diversity Job Fair,Fully Meets,4.15,4,0,4/19/2014,0,4,35-44
c230f6b770df,95920,0,BI Developer,MA,21***,US Citizen,10/2/2016,,N/A-StillEmployed,Active,IT/IS,Indeed,Fully Meets,4.4,4,6,2/6/2019,0,10,45-54
5499e15110f8,61729,1,Production Technician I,MA,24***,US Citizen,9/26/2011,4/7/2018,more money,Voluntarily Terminated,Production       ,Indeed,Fully Meets,3.8,5,0,2/4/2018,0,19,35-44
b117636b9bae,61809,0,Area Sales Manager,ID,83***,US Citizen,5/12/2014,,N/A-StillEmployed,Active,Sales,CareerBuilder,Fully Meets,3.98,3,0,1/28/2019,0,4,Unknown
71afd924779c,45115,1,Production Technician I,MA,21***,US Citizen,5/16/2011,1/15/2016,retiring,Voluntarily Terminated,Production       ,LinkedIn,Fully Meets,5.0,4,0,3/30/2015,0,11,35-44
ddf3ff7c110c,46738,0,Production Technician I,MA,21***,US Citizen,11/28/2011,,N/A-StillEmployed,Active,Production       ,Google Search,Exceeds,4.36,5,0,2/11/2019,0,16,Unknown
f3f2c7705a7b,64971,1,Production Technician II,MA,19***,Eligible NonCitizen,9/26/2011,10/22/2011,return to school,Voluntarily Terminated,Production       ,Google Search,Fully Meets,4.5,4,0,10/22/2011,0,10,45-54
71af38d89c9d,55578,1,Production Technician II,MA,21***,US Citizen,7/5/2011,2/8/2012,Another position,Voluntarily Terminated,Production       ,Indeed,Fully Meets,4.2,5,0,1/6/2012,0,13,Unknown
e8e8c075b4ff,50428,1,Production Technician I,MA,14***,US Citizen,1/10/2011,1/26/2016,attendance,Voluntarily Terminated,Production       ,Indeed,Fully Meets,5.0,3,0,1/10/2015,0,11,Unknown
1ac9890a9d94,61422,1,Production Technician I,MA,14***,US Citizen,1/10/2011,5/17/2016,attendance,Terminated for Cause,Production       ,Indeed,Needs Improvement,3.6,3,0,4/5/2016,4,16,35-44
7741d341a4ef,63353,0,Production Technician I,MA,17***,US Citizen,7/8/2013,,N/A-StillEmployed,Active,Production       ,Employee Referral,Exceeds,3.6,5,0,2/11/2019,0,4,35-44
ac30b832b839,89883,0,Data Analyst,MA,18***,US Citizen,2/16/2015,,N/A-StillEmployed,Active,IT/IS,Employee Referral,Fully Meets,3.69,5,6,2/14/2019,0,15,45-54
c91f2aacaef9,120000,1,Principal Data Architect,MA,27***,US Citizen,1/5/2015,11/10/2018,Another position,Voluntarily Terminated,IT/IS,LinkedIn,Fully Meets,3.88,3,7,2/13/2018,0,12,Unknown
9646f275f10a,150290,0,Data Architect,MA,20***,US Citizen,1/7/2017,,N/A-StillEmployed,Active,IT/IS,Indeed,Fully Meets,4.94,3,5,2/6/2019,0,17,Unknown
7fedf7aaae65,60627,0,Production Technician I,MA,18***,US Citizen,1/6/2014,,N/A-StillEmployed,Active,Production       ,Website,Fully Meets,5.0,4,0,1/31/2019,0,8,Unknown
a4e1e8f97293,53180,1,Production Technician I,MA,21***,US Citizen,4/4/2011,8/13/2018,Another position,Voluntarily Terminated,Production       ,Google Search,Fully Meets,5.0,5,0,7/2/2018,0,4,35-44
f101190ff628,140920,0,IT Manager - DB,MA,24***,US Citizen,1/20/2013,,N/A-StillEmployed,Active,IT/IS,Indeed,Fully Meets,3.6,5,7,2/18/2019,0,13,Unknown
c1d7b99c643e,148999,1,IT Manager - DB,MA,19***,US Citizen,1/9/2012,11/4/2015,hours,Voluntarily Terminated,IT/IS,Diversity Job Fair,Fully Meets,4.3,4,6,1/4/2015,0,8,Unknown
dd7454c87e9e,86214,0,Software Engineer,MA,21***,US Citizen,11/5/2012,,N/A-StillEmployed,Active,Software Engineering,Indeed,Fully Meets,4.2,3,6,2/13/2019,0,2,35-44
a167ca1b5bdc,47750,0,Production Technician I,MA,18***,US Citizen,7/4/2016,,N/A-StillEmployed,Active,Production       ,Diversity Job Fair,Needs Improvement,2.6,4,0,2/18/2019,5,4,Unknown
cc313ce7456b,46428,1,Production Technician I,MA,21***,US Citizen,1/5/2009,7/30/2018,relocation out of area,Voluntarily Terminated,Production       ,Google Search,Fully Meets,4.6,5,0,2/5/2018,0,7,Unknown
26566cfe40fe,57975,0,Production Technician II,MA,20***,US Citizen,8/30/2010,,N/A-StillEmployed,Active,Production       ,CareerBuilder,Fully Meets,4.1,3,0,1/10/2019,0,13,35-44
67b8516149c1,88527,1,Data Analyst ,MA,24***,US Citizen,1/5/2015,10/31/2015,hours,Voluntarily Terminated,IT/IS,LinkedIn,Fully Meets,4.2,3,5,4/20/2015,0,2,35-44
3bb7a172f510,56147,0,Production Technician I,MA,21***,US Citizen,9/29/2014,,N/A-StillEmployed,Active,Production       ,LinkedIn,Fully Meets,3.51,3,0,2/18/2019,0,2,35-44
4c13492a0c99,50923,0,Production Technician I,MA,21***,US Citizen,9/30/2013,,N/A-StillEmployed,Active,Production       ,Google Search,Fully Meets,5.0,5,0,2/6/2019,0,14,Unknown
525a3ce3f587,50750,0,Network Engineer,MA,17***,US Citizen,9/30/2014,,N/A-StillEmployed,Active,IT/IS,LinkedIn,Fully Meets,3.31,3,6,1/7/2019,0,7,45-54
bd967167b9a7,52087,0,Production Technician I,MA,21***,US Citizen,8/19/2013,,N/A-StillEmployed,Active,Production       ,LinkedIn,Fully Meets,4.81,4,0,2/15/2019,0,15,35-44
90745684664e,87826,0,Data Analyst,MA,21***,US Citizen,1/5/2015,,N/A-StillEmployed,Active,IT/IS,Employee Referral,Fully Meets,3.32,3,7,1/14/2019,0,16,Unknown
0b76f56b13bc,51920,0,Administrative Assistant,MA,23***,US Citizen,5/1/2015,,N/A-StillEmployed,Active,Admin Offices,Website,Fully Meets,5.0,3,5,1/15/2019,0,2,35-44
1bae5f9367b0,63878,1,Production Technician II,MA,18***,US Citizen,10/26/2009,4/8/2015,maternity leave - did not return,Voluntarily Terminated,Production       ,CareerBuilder,Fully Meets,4.68,4,0,4/2/2015,0,20,35-44
b40ab6679054,60656,0,Production Technician II,MA,20***,US Citizen,9/29/2014,,N/A-StillEmployed,Active,Production       ,Indeed,Exceeds,4.3,3,0,1/28/2019,0,4,Unknown
41dc855c0b1d,72992,0,Sales Manager,MA,18***,US Citizen,5/18/2014,,N/A-StillEmployed,Active,Sales,Diversity Job Fair,Needs Improvement,2.4,4,0,1/16/2019,2,16,35-44
40a7b25df619,55000,1,Administrative Assistant,MA,18***,US Citizen,9/26/2011,9/25/2013,career change,Voluntarily Terminated,Admin Offices,Diversity Job Fair,Fully Meets,3.8,4,4,8/15/2013,0,17,35-44
23e9ac6d60aa,58939,0,Production Technician I,MA,21***,US Citizen,11/11/2013,,N/A-StillEmployed,Active,Production       ,Employee Referral,Fully Meets,3.73,3,0,1/24/2019,0,16,Unknown
71e38ac3f3c5,66593,0,IT Support,MA,23***,US Citizen,6/10/2011,,N/A-StillEmployed,Active,IT/IS,LinkedIn,Fully Meets,4.3,3,5,2/8/2019,0,19,Unknown
7e307f063358,87565,0,Sr. Network Engineer,MA,15***,US Citizen,6/30/2016,,N/A-StillEmployed,Active,IT/IS,LinkedIn,Fully Meets,3.27,4,5,1/14/2019,0,13,35-44
771ddb739460,64021,0,Production Technician I,MA,20***,US Citizen,2/20/2012,,N/A-StillEmployed,Active,Production       ,Indeed,PIP,2.4,2,1,2/25/2019,6,20,Unknown
2faf4c3d26b7,65714,0,Production Manager,MA,24***,US Citizen,10/2/2012,,N/A-StillEmployed,Active,Production       ,LinkedIn,Fully Meets,4.83,5,0,2/14/2019,0,15,Unknown
a764f2ce24df,62425,1,Production Technician I,MA,23***,US Citizen,5/13/2013,6/29/2015,unhappy,Voluntarily Terminated,Production       ,LinkedIn,Exceeds,4.1,4,0,3/2/2015,0,16,Unknown
c4e97dde2f71,47961,0,Production Technician I,MA,20***,US Citizen,1/10/2011,,N/A-StillEmployed,Active,Production       ,Google Search,Fully Meets,4.1,4,0,2/7/2019,0,9,35-44
f1e8e940e053,58273,0,Area Sales Manager,NV,89***,US Citizen,5/12/2014,,N/A-StillEmployed,Active,Sales,Website,PIP,1.81,2,0,1/17/2019,3,5,Unknown
3d1564d42499,63003,0,Accountant I,MA,27***,US Citizen,9/29/2014,,N/A-StillEmployed,Active,Admin Offices,Indeed,Fully Meets,3.9,5,5,1/18/2019,0,9,35-44
4a93457cf4c3,61355,0,Production Technician I,MA,23***,US Citizen,2/17/2014,,N/A-StillEmployed,Active,Production       ,LinkedIn,Fully Meets,4.7,3,0,1/11/2019,0,4,35-44
6962fee25443,60120,0,Area Sales Manager,MT,59***,US Citizen,9/27/2010,,N/A-StillEmployed,Active,Sales,Indeed,Fully Meets,4.1,4,0,1/31/2019,0,18,35-44
1762e88a8ec6,63682,0,Production Manager,MA,17***,US Citizen,1/8/2009,,N/A-StillEmployed,Active,Production       ,Indeed,Fully Meets,3.73,4,0,1/24/2019,0,12,45-54
79f0a467d1be,63025,0,Production Technician I,MA,27***,US Citizen,1/5/2015,,N/A-StillEmployed,Active,Production       ,Google Search,Fully Meets,4.36,5,0,1/24/2019,0,10,35-44
c32b4f99d9fd,59238,0,Production Technician I,MA,27***,Eligible NonCitizen,5/14/2012,,N/A-StillEmployed,Active,Production       ,Indeed,Fully Meets,3.4,5,0,1/31/2019,0,13,Unknown
8da5c2f12762,92989,0,Software Engineer,MA,21***,US Citizen,7/7/2014,,N/A-StillEmployed,Active,Software Engineering,LinkedIn,Exceeds,4.5,5,5,2/18/2019,0,1,35-44
5cee183d0627,90100,0,BI Developer,MA,21***,US Citizen,4/20/2017,,N/A-StillEmployed,Active,IT/IS,Indeed,Fully Meets,3.4,3,6,1/2/2019,0,14,35-44
637ba1f3b72d,60754,1,Production Technician I,MA,18***,Non-Citizen,4/27/2009,4/1/2013,Another position,Voluntarily Terminated,Production       ,Diversity Job Fair,Fully Meets,4.5,5,0,2/15/2012,0,11,Unknown
8e172c404962,72202,1,Production Technician II,MA,21***,US Citizen,5/16/2011,7/8/2017,Another position,Voluntarily Terminated,Production       ,Google Search,Fully Meets,3.93,3,0,4/18/2017,0,3,Unknown
8b50fd813a5e,58370,0,Area Sales Manager,OR,97***,US Citizen,9/29/2014,,N/A-StillEmployed,Active,Sales,Indeed,Fully Meets,3.69,3,0,1/28/2019,0,18,Unknown
f958992c9293,48413,1,Production Technician I,MA,20***,US Citizen,7/5/2011,9/5/2016,return to school,Voluntarily Terminated,Production       ,Indeed,Fully Meets,3.98,4,0,3/2/2016,0,1,Unknown
7dcf1501322b,67176,1,Production Technician II,MA,24***,US Citizen,6/25/2007,8/30/2010,military,Voluntarily Terminated,Production       ,Other,Fully Meets,4.1,4,0,7/14/2010,0,15,Unknown
e37bb12ed96a,56339,0,Production Technician I,MA,20***,US Citizen,2/18/2013,,N/A-StillEmployed,Active,Production       ,Indeed,Fully Meets,4.21,5,0,1/14/2019,0,4,Unknown
5264efea3b46,64397,0,Area Sales Manager,ND,58***,US Citizen,1/9/2006,,N/A-StillEmployed,Active,Sales,Indeed,Exceeds,4.1,3,0,1/4/2019,0,6,Unknown
215b82b09488,63025,0,Production Technician I,MA,20***,US Citizen,2/17/2014,,N/A-StillEmployed,Active,Production       ,LinkedIn,Needs Improvement,2.44,5,0,2/11/2019,4,18,35-44
e7cdd6b8bd78,75281,1,Network Engineer,MA,14***,US Citizen,1/5/2015,2/12/2016,medical issues,Voluntarily Terminated,IT/IS,CareerBuilder,Fully Meets,5.0,3,5,4/15/2015,0,11,35-44
3c2ffe67e845,100416,1,Software Engineer,MA,24***,Non-Citizen,2/18/2013,4/15/2018,medical issues,Voluntarily Terminated,Software Engineering,Diversity Job Fair,Fully Meets,4.6,3,4,2/12/2017,0,9,35-44
08494e72f5bf,74813,1,Production Technician II,MA,17***,US Citizen,1/10/2011,7/2/2014,unhappy,Voluntarily Terminated,Production       ,LinkedIn,Fully Meets,4.4,3,0,1/5/2014,0,5,35-44
2487157b909a,76029,0,Network Engineer,MA,23***,Eligible NonCitizen,3/30/2015,,N/A-StillEmployed,Active,IT/IS,Employee Referral,Fully Meets,5.0,4,7,1/14/2019,0,8,Unknown
9e6e0a0f2f12,57859,0,Area Sales Manager,AZ,85***,US Citizen,7/5/2011,,N/A-StillEmployed,Active,Sales,Indeed,Fully Meets,2.81,3,0,1/17/2019,0,16,35-44
21049fe0067f,58523,1,Production Technician I,MA,21***,US Citizen,8/13/2012,2/5/2016,maternity leave - did not return,Voluntarily Terminated,Production       ,LinkedIn,Exceeds,4.5,5,0,2/1/2016,0,15,35-44
84ef557b626c,88976,0,Production Manager,MA,21***,US Citizen,8/1/2011,,N/A-StillEmployed,Active,Production       ,Employee Referral,Fully Meets,3.93,3,0,2/27/2019,0,19,Unknown
b0dd537a4543,55875,0,Area Sales Manager,ME,40***,US Citizen,3/5/2012,,N/A-StillEmployed,Active,Sales,Website,Fully Meets,4.5,4,0,1/18/2019,0,11,35-44
30c3cfd79bdb,113999,1,Database Administrator,MA,19***,US Citizen,2/16/2015,2/22/2017,"no-call, no-show",Terminated for Cause,IT/IS,Employee Referral,Fully Meets,4.33,3,7,2/15/2017,0,9,35-44
22167355cff6,49773,1,Production Technician I,MA,27***,US Citizen,9/26/2011,2/8/2016,gross misconduct,Terminated for Cause,Production       ,Google Search,Exceeds,4.3,5,0,2/1/2015,0,18,35-44
1672dd4cc2c4,62068,0,Production Technician I,MA,21***,US Citizen,7/5/2015,,N/A-StillEmployed,Active,Production       ,LinkedIn,Fully Meets,3.21,3,0,1/29/2019,0,7,35-44
1c6462dc651c,66541,0,Production Technician II,MA,24***,US Citizen,8/18/2014,,N/A-StillEmployed,Active,Production       ,Employee Referral,Fully Meets,3.11,5,0,2/12/2019,0,4,45-54
0353b5ce8cb2,80512,1,Production Manager,MA,24***,US Citizen,9/26/2011,1/2/2012,Another position,Voluntarily Terminated,Production       ,Diversity Job Fair,Fully Meets,4.5,3,0,1/2/2012,0,5,Unknown
d9adc0ef69e9,50274,1,Production Technician I,MA,18***,US Citizen,8/13/2012,9/1/2015,career change,Voluntarily Terminated,Production       ,CareerBuilder,Needs Improvement,2.5,3,0,9/5/2014,6,13,45-54
dd79b9e0625e,84903,0,Senior BI Developer,MA,18***,US Citizen,2/15/2017,,N/A-StillEmployed,Active,IT/IS,Indeed,Fully Meets,3.42,4,7,1/4/2019,0,17,45-54
98c173532449,107226,0,Sr. Network Engineer,MA,24***,US Citizen,3/30/2015,,N/A-StillEmployed,Active,IT/IS,Employee Referral,Fully Meets,4.2,4,8,2/5/2019,0,7,45-54
5a5dd583a59e,58371,1,Production Technician I,MA,20***,US Citizen,1/10/2011,5/15/2014,hours,Voluntarily Terminated,Production       ,LinkedIn,Fully Meets,5.0,5,0,5/15/2014,0,11,35-44
e1c77b2d106c,55140,1,Production Technician I,MA,23***,Eligible NonCitizen,5/16/2011,9/7/2015,unhappy,Voluntarily Terminated,Production       ,Website,Fully Meets,5.0,3,0,2/15/2015,0,7,Unknown
c1840a584451,58062,1,Production Technician I,MA,18***,US Citizen,1/10/2011,5/14/2012,Another position,Voluntarily Terminated,Production       ,Google Search,Fully Meets,3.6,5,0,2/6/2011,0,9,35-44
69ebeab6989b,59728,1,Production Technician I,MA,21***,US Citizen,1/9/2012,6/27/2015,relocation out of area,Voluntarily Terminated,Production       ,Diversity Job Fair,Fully Meets,4.3,4,0,6/2/2014,0,16,Unknown
92d07fe9c405,70507,1,Production Technician II,MA,20***,US Citizen,1/7/2013,2/21/2016,retiring,Voluntarily Terminated,Production       ,LinkedIn,Exceeds,5.0,3,0,1/19/2016,0,7,Unknown
d364771e6b60,60446,0,Production Technician II,MA,23***,US Citizen,9/29/2014,,N/A-StillEmployed,Active,Production       ,LinkedIn,Fully Meets,3.4,4,0,2/21/2019,0,14,35-44
9190a41c0128,65893,0,Production Technician II,MA,18***,US Citizen,7/7/2014,,N/A-StillEmployed,Active,Production       ,LinkedIn,Fully Meets,4.07,4,0,2/28/2019,0,13,35-44
85ec38d85c90,48513,1,Production Technician I,MA,24***,US Citizen,9/2/2008,9/29/2015,Another position,Voluntarily Terminated,Production       ,Google Search,PIP,3.2,2,0,9/2/2015,5,4,35-44
24dc9bebea86,220450,0,CIO,MA,20***,US Citizen,4/10/2010,,N/A-StillEmployed,Active,IT/IS,Employee Referral,Exceeds,4.6,5,6,2/21/2019,0,16,45-54
2b08a540da4b,89292,0,Data Analyst,MA,21***,US Citizen,3/30/2015,,N/A-StillEmployed,Active,IT/IS,Employee Referral,Fully Meets,5.0,3,5,2/1/2019,0,11,45-54
636bc6dd6d68,45046,0,Production Technician I,MA,17***,US Citizen,9/29/2014,,N/A-StillEmployed,Active,Production       ,LinkedIn,Fully Meets,4.5,5,0,1/30/2019,0,2,45-54
